"enriched_in","Category","Term_accession","Term_description","Count_query","Pop_query","Count_universe","Pop_universe","%_query","%_universe","pval","adjpval","fold_change","Proteins_in_query"
"up_AS_only_vs_FSGS","GO_BP","0001570","vasculogenesis ",13,452,35,6459,2.65486725663717,0.541879547917634,3.0428269772019e-05,0.0737581259273742,4.89936788874842,"O14786;P15692;P19544;P35713;P35968;P37173;P46937;Q07352;Q16620;Q4VCS5;Q8N302;Q96PU8;Q9ULI3"
"down_AS_only_vs_FSGS","GO_BP","1900118","negative regulation of execution phase of apoptosis ",4,82,7,6459,3.65853658536585,0.108375909583527,0.000207127869771017,0.106670852932074,33.7578397212544,"P0CJ70;P0CJ71;P0CJ73;P0CJ77"
"up_AS_only_vs_FSGS","GO_BP","0072091","regulation of stem cell proliferation ",6,452,7,6459,1.10619469026549,0.108375909583527,0.000601442923492174,0.728948823272515,10.2070164348925,"P26583;P35713;P37173;P46531;P46937;Q07352"
"up_AS_only_vs_FSGS","GO_BP","0045766","positive regulation of angiogenesis ",14,452,68,6459,2.87610619469027,1.05279455023998,0.00192096408033896,1,2.73187792816242,"O14786;O15455;O15530;O43184;P05556;P15692;P33151;P35968;P37173;Q16236;Q5UCC4;Q8N302;Q9BZL6;Q9NZ08"
"up_AS_only_vs_FSGS","GO_BP","0010628","positive regulation of gene expression ",25,452,171,6459,5.30973451327434,2.64746864839758,0.00264301045361063,1,2.0055891942245,"O00571;O15455;O75444;P15056;P15529;P15692;P16885;P19544;P25490;P26006;P33151;P35241;P46531;P46937;Q02078;Q02363;Q02750;Q12860;Q16236;Q16288;Q16620;Q6XE24;Q96PU8;Q9P1Z2;Q9UGL1"
"up_AS_FSGS","GO_BP","0043627","response to estrogen ",4,97,18,6459,3.09278350515464,0.278680910357641,0.00333786044321905,1,11.0979381443299,"O14686;P09619;P23771;P24385"
"down_AS_FSGS","GO_BP","0006355","regulation of DNA-templated transcription ",51,809,252,6459,6.18046971569839,3.90153274500697,0.00342478352212456,1,1.58411324974984,"O15527;O43186;O60427;O75362;O75365;O95704;P15336;P17676;P23511;P28698;P35637;P46100;P48431;P51531;P52744;Q03923;Q06945;Q6IE81;Q92766;Q96SQ5;Q96T23;Q99697;Q9BPZ2;Q9HCU4;O75346;P17019;P17035;Q6ECI4;Q7Z340;Q86Y25;Q9Y6Q3;B4DU55;O75373;P10075;Q03938;Q0VGE8;Q5JVG8;Q5VIY5;Q68DI1;Q6ZN06;Q86XN6;Q8IYB9;Q8N141;Q8N823;Q8TF32;Q8TF45;Q9H8G1;Q9HCZ1;Q9P255;P0CJ79;P0DPD5"
"up_FSGS_only_vs_AS","GO_BP","0030198","extracellular matrix organization ",9,356,45,6459,2.24719101123596,0.696702275894101,0.00541909440234965,1,3.22546816479401,"P02461;P0C7T5;P16234;P27658;P39059;P51693;Q02388;Q9HBX9;Q9UHI8"
"up_FSGS_only_vs_AS","GO_BP","0008285","negative regulation of cell population proliferation ",21,356,186,6459,5.61797752808989,2.87970274036229,0.00589527621778627,1,1.9508880028996,"O14745;O43294;O75094;O75143;O94760;O94880;O95751;P07996;P12643;P13164;P20138;P31949;P52756;P62324;Q13363;Q15796;Q63ZY3;Q8WU17;Q96TA1;Q9UHI8;Q9Y653"
"up_AS_FSGS","GO_BP","0018108","peptidyl-tyrosine phosphorylation ",4,97,24,6459,3.09278350515464,0.371574547143521,0.00689000149615139,1,8.32345360824742,"P09619;P17948;P49759;Q12805"
"up_AS_FSGS","GO_BP","0044772","mitotic cell cycle phase transition ",3,97,7,6459,2.06185567010309,0.108375909583527,0.00713748294399964,1,19.0250368188513,"P24385;Q14094;Q9NYL9"
"up_AS_FSGS","GO_BP","0007411","axon guidance ",5,97,49,6459,4.12371134020619,0.758631367084688,0.00729700191790625,1,5.43572480538607,"O00264;P23771;Q8WX93;Q96TA1;Q9UM47"
"up_AS_FSGS","GO_BP","0046777","protein autophosphorylation ",6,97,81,6459,5.15463917525773,1.25406409660938,0.008284595574292,1,4.11034746086292,"O94768;P04216;P09619;P17948;P49759;Q86V86"
"up_AS_FSGS","GO_BP","0009615","response to virus ",5,97,52,6459,4.12371134020619,0.805078185477628,0.00885345597859703,1,5.12212529738303,"P13164;P17181;P23771;Q01628;Q9Y6K5"
"up_FSGS_only_vs_AS","GO_BP","0030336","negative regulation of cell migration ",10,356,62,6459,2.52808988764045,0.959900913454095,0.0103863075470798,1,2.63369880391446,"P04216;P10114;P12830;P13164;P18206;P51452;P55196;P55287;P78504;Q14511"
"up_AS_FSGS","GO_BP","0046597","negative regulation of viral entry into host cell ",3,97,9,6459,2.06185567010309,0.13934045517882,0.0106987355603921,1,14.7972508591065,"P13164;Q01628;Q9BZR9"
"up_AS_only_vs_FSGS","GO_BP","0030324","lung development ",8,452,32,6459,1.54867256637168,0.495432729524694,0.0114607508243737,1,3.12589878318584,"P15692;P26006;P46531;P62136;P63104;Q02447;Q86YL7;Q9ULI3"
"up_AS_only_vs_FSGS","GO_BP","0007411","axon guidance ",10,452,49,6459,1.99115044247788,0.758631367084688,0.0114824469402484,1,2.62466136897237,"O14786;O75592;O94856;P33176;P46531;P52799;P55268;Q12860;Q14118;Q9NRY4"
"up_FSGS_only_vs_AS","GO_BP","0044331","cell-cell adhesion mediated by cadherin ",4,356,7,6459,0.842696629213483,0.108375909583527,0.0125222656967626,1,7.77568218298555,"O60716;P12830;P55196;P55287"
"down_FSGS_only_vs_AS","GO_BP","0006606","protein import into nucleus ",8,336,45,6459,2.08333333333333,0.696702275894101,0.0126451139472945,1,2.99027777777778,"P01019;P25963;P37198;P49815;P63098;Q14153;Q96P70;Q9UKX7"
"up_AS_FSGS","GO_BP","0001894","tissue homeostasis ",3,97,11,6459,2.06185567010309,0.170305000774114,0.0148871056481352,1,12.1068416119963,"P02461;Q8IXH6;Q9GZV5"
"up_FSGS_only_vs_AS","GO_BP","0018108","peptidyl-tyrosine phosphorylation ",6,356,24,6459,1.40449438202247,0.371574547143521,0.0152760411716599,1,3.77984550561798,"P09619;P16234;P17948;P49759;Q12805;Q9NYB9"
"up_AS_FSGS","GO_BP","0030336","negative regulation of cell migration ",5,97,62,6459,4.12371134020619,0.959900913454095,0.0155560337734201,1,4.29597605586964,"P04216;P10114;P12830;P13164;P51452"
"up_AS_only_vs_FSGS","GO_BP","0007229","integrin-mediated signaling pathway ",10,452,52,6459,1.99115044247788,0.805078185477628,0.0157655356134738,1,2.4732385976855,"O14495;O14786;P05556;P08648;P26006;P35221;P35579;P53708;P56199;Q9Y490"
"up_AS_only_vs_FSGS","GO_BP","0070306","lens fiber cell differentiation ",4,452,6,6459,0.663716814159292,0.0928936367858802,0.0168699498158739,1,7.14491150442478,"O75444;P12757;P53816;Q9UGL1"
"up_AS_only_vs_FSGS","GO_BP","2000811","negative regulation of anoikis ",5,452,12,6459,0.884955752212389,0.18578727357176,0.0168949683878138,1,4.76327433628319,"O43623;P05556;P08648;P46531;Q16620"
"up_AS_only_vs_FSGS","GO_BP","0098609","cell-cell adhesion ",12,452,69,6459,2.43362831858407,1.06827682303762,0.0179968602402512,1,2.27808772604848,"O94856;P08648;P26006;P33151;P35221;P53708;P56199;Q07157;Q12860;Q86YL7;Q96AP7;Q9Y490"
"down_AS_FSGS","GO_BP","0045926","negative regulation of growth ",6,809,10,6459,0.618046971569839,0.154822727976467,0.0187825783534909,1,3.99196538936959,"P02795;P04731;P04732;P80297;Q13882;Q8N339"
"up_AS_only_vs_FSGS","GO_BP","0050731","positive regulation of peptidyl-tyrosine phosphorylation ",8,452,36,6459,1.54867256637168,0.557361820715281,0.0192334364605692,1,2.77857669616519,"O14495;O14786;P07947;P08648;P15692;P16885;P60033;Q12860"
"up_AS_only_vs_FSGS","GO_BP","0050772","positive regulation of axonogenesis ",5,452,13,6459,0.884955752212389,0.201269546369407,0.0209900056352753,1,4.39686861810756,"P12757;P15056;Q02750;Q16620;Q96JE9"
"up_FSGS_only_vs_AS","GO_BP","0046597","negative regulation of viral entry into host cell ",4,356,9,6459,0.842696629213483,0.13934045517882,0.0212591472934932,1,6.04775280898876,"P06396;P13164;Q01628;Q9BZR9"
"down_FSGS_only_vs_AS","GO_BP","0050916","sensory perception of sweet taste ",3,336,3,6459,0.595238095238095,0.0464468183929401,0.0216337764014293,1,12.8154761904762,"Q7RTX0;Q8IU99;Q9BRK0"
"down_AS_FSGS","GO_BP","0007186","G protein-coupled receptor signaling pathway ",24,809,107,6459,2.84301606922126,1.6566031893482,0.02241978361347,1,1.71617203655141,"O43665;O95977;P01019;P04001;P32241;P41220;P47901;P61073;P63218;P78423;Q7RTX0;Q8TDT2;Q9HBW0;Q9HCU4;Q9UNE2;Q9Y272;P63215;Q6MZT1;Q9NS28;Q6NT52;Q86SM8;Q8NG41;Q8NGE9;Q8NGL2"
"down_AS_only_vs_FSGS","GO_BP","0009408","response to heat ",3,82,17,6459,2.4390243902439,0.263198637559994,0.0226568689067173,1,9.26685796269727,"P48061;Q29980;Q86VZ4"
"up_FSGS_only_vs_AS","GO_BP","0009749","response to glucose ",6,356,27,6459,1.40449438202247,0.418021365536461,0.022837743339147,1,3.35986267166042,"P07996;P35680;Q15796;Q71H61;Q8NBJ9;Q99757"
"up_AS_only_vs_FSGS","GO_BP","0035148","tube formation ",4,452,7,6459,0.663716814159292,0.108375909583527,0.0229606946887875,1,6.12420986093553,"P15692;P46531;P63104;Q86SQ7"
"up_AS_only_vs_FSGS","GO_BP","0030514","negative regulation of BMP signaling pathway ",7,452,29,6459,1.32743362831858,0.448985911131754,0.0232324943974947,1,2.95651510527922,"O43541;P12755;P12757;P46531;P61077;Q92743;Q9NZV1"
"up_AS_only_vs_FSGS","GO_BP","0045892","negative regulation of DNA-templated transcription ",26,452,221,6459,5.53097345132743,3.42158228827992,0.0238304104406228,1,1.61649581548072,"O95365;P04150;P11142;P19544;P24468;P26583;P35713;P45973;P46531;P49918;Q02363;Q02447;Q15326;Q15723;Q6KC79;Q6NT76;Q8TAQ2;Q96BF6;Q96RK0;Q99549;Q9NP71;Q9NYF8;Q9UBP4;Q9UGL1;Q9UQR1;Q5VXH4"
"up_FSGS_only_vs_AS","GO_BP","0016477","cell migration ",14,356,117,6459,3.65168539325843,1.81142591732466,0.0242431687762609,1,2.01591760299625,"P07996;P09619;P17948;P19174;P55287;P62324;Q13618;Q14511;Q8WX93;Q9GZM8;Q9H792;Q9NYB9;Q9UHB6;Q9Y653"
"down_AS_FSGS","GO_BP","0007202","activation of phospholipase C activity ",6,809,11,6459,0.618046971569839,0.170305000774114,0.0249001972761234,1,3.62905944488145,"O95977;P01019;P28223;P30679;P47901;Q9HBW0"
"down_AS_only_vs_FSGS","GO_BP","0031640","killing of cells of another organism ",3,82,18,6459,2.4390243902439,0.278680910357641,0.0249743876066319,1,8.7520325203252,"P10144;P48061;Q29980"
"up_AS_only_vs_FSGS","GO_BP","0002042","cell migration involved in sprouting angiogenesis ",5,452,14,6459,0.884955752212389,0.216751819167054,0.0256427546738937,1,4.08280657395702,"O14786;P05556;P15692;P35968;P52799"
"up_AS_only_vs_FSGS","GO_BP","0030335","positive regulation of cell migration ",16,452,112,6459,3.31858407079646,1.73401455333643,0.0260684411948715,1,1.91381558154235,"O00159;O43623;O43707;O60271;O95819;P05556;P08648;P15692;P33151;P35241;P35968;P46531;P48509;Q07157;Q16288;Q86YL7"
"up_FSGS_only_vs_AS","GO_BP","0046777","protein autophosphorylation ",11,356,81,6459,2.80898876404494,1.25406409660938,0.026214620938684,1,2.23990844777362,"O75143;O94768;P04216;P09619;P16234;P17948;P49759;Q13557;Q7KZI7;Q86V86;Q9H792"
"up_FSGS_only_vs_AS","GO_BP","0001525","angiogenesis ",14,356,121,6459,3.65168539325843,1.87335500851525,0.027145475197437,1,1.94927569876497,"P04216;P15144;P17948;P21333;P27658;P36382;P39059;P78504;Q05682;Q08431;Q8IZJ1;Q8N3E9;Q9NZI7;Q9Y653"
"up_AS_only_vs_FSGS","GO_BP","0070371","ERK1 and ERK2 cascade ",6,452,22,6459,1.10619469026549,0.340610001548227,0.0274479464467222,1,3.24768704746581,"P15056;P35968;P41595;P63104;Q02750;Q07352"
"up_AS_FSGS","GO_BP","0006915","apoptotic process ",9,97,240,6459,8.24742268041237,3.71574547143521,0.0282652218002918,1,2.21958762886598,"O75509;O94768;O95140;P36941;P52756;Q03112;Q63ZY3;Q86V86;Q8IZJ1"
"up_AS_only_vs_FSGS","GO_BP","0045944","positive regulation of transcription by RNA polymerase II ",45,452,452,6459,9.73451327433628,6.99798730453631,0.029088986686638,1,1.39104471767562,"O00159;O00571;O15455;O43680;O94850;P04150;P07355;P07947;P12755;P15692;P17544;P19544;P19793;P23193;P24468;P25490;P25791;P26583;P35713;P46531;P46937;P53708;P60033;Q02078;Q02447;Q10586;Q13227;Q13503;Q15366;Q16236;Q16254;Q49A26;Q53H80;Q68DE3;Q6KC79;Q92870;Q99626;Q9BZK7;Q9BZL6;Q9NP71;Q9NY61;Q9NYF8;Q9P1Z2;Q9UHV7;Q9UQR1"
"up_AS_only_vs_FSGS","GO_BP","0007155","cell adhesion ",20,452,160,6459,4.20353982300885,2.47716364762347,0.0300233312933299,1,1.69691648230088,"O43184;O43312;O95388;P05556;P08648;P11047;P35221;P35580;P48509;P52799;P55268;P62330;Q04900;Q08629;Q12860;Q7L5Y9;Q8N302;Q9BZL6;Q9NY61;Q9UJW2"
"up_AS_only_vs_FSGS","GO_BP","0043534","blood vessel endothelial cell migration ",4,452,8,6459,0.663716814159292,0.123858182381174,0.0300838876385379,1,5.35868362831858,"P33151;P35579;P35713;Q4VCS5"
"up_AS_only_vs_FSGS","GO_BP","0001938","positive regulation of endothelial cell proliferation ",8,452,40,6459,1.54867256637168,0.619290911905868,0.0301036197086238,1,2.50071902654867,"O14786;P15692;P26583;P35968;P41595;Q5UCC4;Q8N302;Q9BZL6"
"up_AS_only_vs_FSGS","GO_BP","0033627","cell adhesion mediated by integrin ",5,452,15,6459,0.884955752212389,0.2322340919647,0.0308669267602701,1,3.81061946902655,"P05556;P08648;P26006;P53708;P56199"
"up_AS_only_vs_FSGS","GO_BP","0030513","positive regulation of BMP signaling pathway ",6,452,23,6459,1.10619469026549,0.356092274345874,0.0316978711758105,1,3.10648326279338,"P33151;P35968;P46531;Q5IJ48;Q8IWU6;Q9C0C9"
"down_AS_only_vs_FSGS","GO_BP","0007623","circadian rhythm ",3,82,21,6459,2.4390243902439,0.325127728750581,0.0324708837659913,1,7.50174216027875,"O15534;P35228;Q9HC23"
"up_FSGS_only_vs_AS","GO_BP","0031016","pancreas development ",4,356,11,6459,0.842696629213483,0.170305000774114,0.0325864390123808,1,4.94816138917263,"O14770;P35680;Q15796;Q71H61"
"up_FSGS_only_vs_AS","GO_BP","0001894","tissue homeostasis ",4,356,11,6459,0.842696629213483,0.170305000774114,0.0325864390123808,1,4.94816138917263,"O60494;P02461;Q8IXH6;Q9GZV5"
"up_AS_only_vs_FSGS","GO_BP","0000122","negative regulation of transcription by RNA polymerase II ",40,452,390,6459,8.6283185840708,6.03808639108221,0.0326138940972374,1,1.42898230088496,"O43623;O43680;O75444;O75461;O95365;O95931;P04150;P12755;P12757;P15692;P17036;P17544;P19544;P19793;P24468;P25490;P26583;P35713;P45973;P46531;P46937;P49918;P61077;P63104;Q02078;Q02363;Q13227;Q53H80;Q6KC79;Q6NT76;Q7LFL8;Q86UZ6;Q92802;Q92870;Q96BF6;Q99626;Q9BZK7;Q9UQR1;Q6ZN79;Q9Y2B9"
"down_AS_FSGS","GO_BP","0030431","sleep ",4,809,4,6459,0.370828182941904,0.0619290911905868,0.0332211906669526,1,5.98794808405439,"P01100;P01178;P28223;Q12879"
"up_AS_only_vs_FSGS","GO_BP","0010595","positive regulation of endothelial cell migration ",8,452,41,6459,1.54867256637168,0.634773184703515,0.0333576521944634,1,2.43972587955968,"O14495;O14786;P09486;P15692;P35613;P35968;Q5UCC4;Q9BZL6"
"up_AS_FSGS","GO_BP","0009755","hormone-mediated signaling pathway ",3,97,18,6459,2.06185567010309,0.278680910357641,0.0339413219555883,1,7.39862542955326,"P20393;Q14995;Q9HBX9"
"up_FSGS_only_vs_AS","GO_BP","0007267","cell-cell signaling ",8,356,53,6459,1.96629213483146,0.820560458275275,0.0340036235552686,1,2.39627941488234,"P04216;P12643;P20138;P36382;P55196;Q08174;Q9UP38;Q9Y653"
"up_FSGS_only_vs_AS","GO_BP","0010863","positive regulation of phospholipase C activity ",3,356,4,6459,0.561797752808989,0.0619290911905868,0.034800416047809,1,9.07162921348315,"P09619;P16234;P17948"
"down_FSGS_only_vs_AS","GO_BP","0006890","retrograde vesicle-mediated transport, Golgi to endoplasmic reticulum ",6,336,33,6459,1.48809523809524,0.510915002322341,0.0362728632836548,1,2.91260822510823,"A2RRP1;P18085;P24390;P84085;Q8TD16;Q9H4A6"
"up_AS_only_vs_FSGS","GO_BP","0042985","negative regulation of amyloid precursor protein biosynthetic process ",3,452,3,6459,0.442477876106195,0.0464468183929401,0.036676488003839,1,9.52654867256637,"Q9NQX7;Q9NY61;Q9Y287"
"up_AS_FSGS","GO_BP","0001525","angiogenesis ",6,97,121,6459,5.15463917525773,1.87335500851525,0.036913174642252,1,2.75155491181733,"P04216;P17948;P36382;P39059;Q05682;Q8IZJ1"
"up_FSGS_only_vs_AS","GO_BP","0072659","protein localization to plasma membrane ",10,356,74,6459,2.52808988764045,1.14568818702586,0.0386406885589629,1,2.20661251138779,"O14745;O75116;O75915;P10114;P12830;P16157;P19438;P21333;P51153;Q8NG11"
"up_FSGS_only_vs_AS","GO_BP","0019934","cGMP-mediated signaling ",4,356,12,6459,0.842696629213483,0.18578727357176,0.0392126081169217,1,4.53581460674157,"P16066;P33402;Q02108;Q9Y6F6"
"up_AS_only_vs_FSGS","GO_BP","1903078","positive regulation of protein localization to plasma membrane ",6,452,25,6459,1.10619469026549,0.387056819941167,0.0413734119162194,1,2.85796460176991,"O15530;P05556;P26006;P33176;P62330;Q01082"
"up_AS_only_vs_FSGS","GO_BP","0031623","receptor internalization ",6,452,25,6459,1.10619469026549,0.387056819941167,0.0413734119162194,1,2.85796460176991,"P05556;P11234;P60033;Q00610;Q13636;Q5SW96"
"up_AS_only_vs_FSGS","GO_BP","0071902","positive regulation of protein serine/threonine kinase activity ",5,452,17,6459,0.884955752212389,0.263198637559994,0.0430611244125078,1,3.3623112961999,"O00571;P0DP23;P0DP24;P11234;Q02750"
"up_AS_only_vs_FSGS","GO_BP","0048010","vascular endothelial growth factor receptor signaling pathway ",5,452,17,6459,0.884955752212389,0.263198637559994,0.0430611244125078,1,3.3623112961999,"O14786;P15692;P35968;Q8IWU6;Q9BZL6"
"up_AS_only_vs_FSGS","GO_BP","0035633","maintenance of blood-brain barrier ",5,452,17,6459,0.884955752212389,0.263198637559994,0.0430611244125078,1,3.3623112961999,"P05556;P11047;P33151;Q07157;Q96AP7"
"up_AS_FSGS","GO_BP","0071356","cellular response to tumor necrosis factor ",4,97,51,6459,3.09278350515464,0.789595912679981,0.0440692974760833,1,3.91691934505761,"O75509;O95998;P20393;P23771"
"up_AS_FSGS","GO_BP","0045944","positive regulation of transcription by RNA polymerase II ",13,97,452,6459,12.3711340206186,6.99798730453631,0.0443367907354199,1,1.76781315573397,"O14686;O14770;O15119;O75150;O94916;P20393;P23771;Q13029;Q14995;Q8WWI1;Q9GZV5;Q9UM47;P20962"
"up_FSGS_only_vs_AS","GO_BP","0051893","regulation of focal adhesion assembly ",4,356,13,6459,0.842696629213483,0.201269546369407,0.0464654507099138,1,4.18690579083837,"O75116;P18206;P51452;Q9H792"
"up_AS_FSGS","GO_BP","0030154","cell differentiation ",7,97,173,6459,6.18556701030928,2.67843319399288,0.0467732221319669,1,2.30939753292414,"P17948;P20393;P39059;Q14995;Q96TA1;Q9P0K7;Q5JSZ5"
"up_AS_only_vs_FSGS","GO_BP","0043536","positive regulation of blood vessel endothelial cell migration ",6,452,26,6459,1.10619469026549,0.402539092738814,0.0468105740512924,1,2.74804288631722,"O15530;P15692;P35968;Q16236;Q4VCS5;Q9BZL6"
"up_AS_only_vs_FSGS","GO_BP","0035019","somatic stem cell population maintenance ",6,452,26,6459,1.10619469026549,0.402539092738814,0.0468105740512924,1,2.74804288631722,"P12755;P15056;P46937;Q13503;Q6KC79;Q99626"
"up_FSGS_only_vs_AS","GO_BP","1903140","regulation of establishment of endothelial barrier ",3,356,5,6459,0.561797752808989,0.0774113639882335,0.0470798116234251,1,7.25730337078652,"O75116;P18206;P19438"
"up_AS_only_vs_FSGS","GO_BP","0034122","negative regulation of toll-like receptor signaling pathway ",4,452,10,6459,0.663716814159292,0.154822727976467,0.0473742945977162,1,4.28694690265487,"O15530;Q01804;Q13227;Q9NPR9"
"up_AS_only_vs_FSGS","GO_BP","1903672","positive regulation of sprouting angiogenesis ",4,452,10,6459,0.663716814159292,0.154822727976467,0.0473742945977162,1,4.28694690265487,"O15530;P08648;P15692;Q07157"
"up_FSGS_only_vs_AS","GO_BP","0060337","type I interferon-mediated signaling pathway ",5,356,23,6459,1.12359550561798,0.356092274345874,0.0480918681767739,1,3.15534929164631,"P13164;P17181;P23458;P48551;Q01628"
"up_AS_FSGS","GO_BP","0000122","negative regulation of transcription by RNA polymerase II ",12,97,390,6459,11.340206185567,6.03808639108221,0.0480947043522813,1,1.87811260904044,"O14770;O15119;O94880;P20393;P23771;P24385;Q13029;Q14995;Q63ZY3;Q93008;Q9GZV5;Q9UM47"
"up_AS_FSGS","GO_BP","0007267","cell-cell signaling ",4,97,53,6459,3.09278350515464,0.820560458275275,0.0482423004905243,1,3.76911106788563,"P04216;P36382;Q08174;Q9UP38"
"down_AS_FSGS","GO_BP","0017158","regulation of calcium ion-dependent exocytosis ",4,809,5,6459,0.370828182941904,0.0774113639882335,0.0488805791497863,1,4.79035846724351,"Q14184;Q8N9I0;Q9BQG1;Q9UNE2"
"up_AS_only_vs_FSGS","GO_BP","0001525","angiogenesis ",16,452,121,6459,3.31858407079646,1.87335500851525,0.0495507488562756,1,1.77146566225408,"O14786;P07355;P08648;P15692;P23467;P35579;P35613;P35713;P35968;P63104;Q4VCS5;Q5UCC4;Q8N302;Q9BZL6;Q9NZ08;Q9ULZ1"
"down_AS_only_vs_FSGS","GO_CC","0005576","extracellular region ",21,82,553,6459,24.390243902439,8.56169685709862,1.51217062324794e-05,0.00228337764110439,2.84876284567547,"O15018;P08123;P09237;P10144;P10915;P16278;P21741;P27797;P48061;P55290;Q96RI0;Q96RQ9;Q99439;Q9H1J5;Q9HC23;Q86SI9;Q8IVN8;P0CJ70;P0CJ71;P0CJ73;P0CJ77"
"up_AS_only_vs_FSGS","GO_CC","0005925","focal adhesion ",40,452,290,6459,8.6283185840708,4.48985911131754,0.000198266350853113,0.103296768794472,1.92173481843149,"O14786;O15530;O43707;O94856;O95819;P05556;P07947;P08648;P11142;P11717;P14625;P15529;P26006;P35221;P35241;P35579;P35613;P36578;P38646;P48509;P52799;P53708;P56199;P60033;P62330;P62701;P63104;P63173;P84077;Q00610;Q02750;Q09666;Q13884;Q14118;Q14155;Q15366;Q68CZ2;Q9BQI0;Q9NZN3;Q9Y490"
"up_AS_only_vs_FSGS","GO_CC","0005886","plasma membrane ",138,452,1509,6459,30.3097345132743,23.3627496516489,0.000703448152334685,0.183248243683186,1.29735304984254,"O00159;O00299;O00571;O14495;O14763;O14786;O15455;O15530;O43184;O43493;O43556;O43707;O60636;O75056;O75563;O75592;O75923;O94856;P00918;P05556;P07204;P07355;P07947;P08238;P08648;P09486;P09496;P0DP23;P0DP24;P11142;P11234;P11717;P12259;P15056;P15529;P16885;P17405;P19021;P20020;P23467;P23470;P25929;P26006;P30556;P33151;P35221;P35241;P35568;P35579;P35613;P35968;P37173;P39656;P40189;P41595;P46531;P48048;P48509;P48634;P50579;P50591;P52799;P53618;P53708;P53816;P54709;P56199;P60033;P61077;P61764;P61952;P62136;P62330;P62979;P63167;P84077;Q00610;Q00889;Q01082;Q02750;Q04900;Q06495;Q07157;Q08334;Q09666;Q12860;Q13018;Q13454;Q13636;Q13813;Q14118;Q15084;Q16236;Q16288;Q16620;Q3MUY2;Q4KMQ2;Q4VCS5;Q53TN4;Q5IJ48;Q5SW96;Q6UX01;Q6ZNL6;Q7L5Y9;Q7Z699;Q86YL7;Q8IV61;Q8IWU6;Q8IZ07;Q8N3R9;Q8WWN8;Q8WXX5;Q8WY64;Q92743;Q969X2;Q96AP7;Q96FJ2;Q96PE3;Q96RU3;Q99549;Q9BSA4;Q9BY43;Q9BZL6;Q9BZM6;Q9NQX7;Q9NR00;Q9NRY4;Q9NUN5;Q9NZ09;Q9NZN3;Q9NZV1;Q9P246;Q9UHG3;Q9UKI2;Q9ULC0;Q9UP95;Q9Y287;Q9Y490"
"down_AS_only_vs_FSGS","GO_CC","0062023","collagen-containing extracellular matrix ",8,82,139,6459,8.53658536585366,2.15203591887289,0.00211209834602483,0.126204925895298,3.96674855237761,"O75339;P08123;P10915;P27797;P48061;P55290;Q9H1J5;Q8IVN8"
"up_FSGS_only_vs_AS","GO_CC","0005912","adherens junction ",14,356,90,6459,3.65168539325843,1.3934045517882,0.0023578492266655,0.388439672678024,2.62069288389513,"A6NIX2;O60716;P12830;P18206;P31949;P55196;P55287;P78504;Q00587;Q12965;Q13368;Q96TA1;Q9NYB9;Q9NYL9"
"up_AS_only_vs_FSGS","GO_CC","0043235","receptor complex ",14,452,70,6459,2.87610619469027,1.08375909583527,0.00240541974675423,0.327475730761931,2.65382427307206,"O14786;P05556;P08235;P19793;P23467;P26006;P35968;P37173;P40189;P46531;Q13018;Q14627;Q16288;Q16620"
"up_AS_only_vs_FSGS","GO_CC","0042470","melanosome ",13,452,62,6459,2.65486725663717,0.959900913454095,0.00259295357686733,0.327475730761931,2.7657721952612,"P05556;P07355;P08238;P11142;P14625;P35613;P54709;P55209;P61019;P63104;Q00610;Q14697;Q15084"
"up_FSGS_only_vs_AS","GO_CC","0005856","cytoskeleton ",20,356,162,6459,5.33707865168539,2.50812819321876,0.00309925270753743,0.388439672678024,2.12791302538494,"O15056;O43294;O75116;O75915;P16157;P18206;P23458;Q00587;Q02952;Q05682;Q12965;Q13137;Q5T124;Q70E73;Q8NF91;Q9H4G0;Q9HBL0;Q9NYB9;Q96PQ7;Q99805"
"up_AS_only_vs_FSGS","GO_CC","0098978","glutamatergic synapse ",24,452,166,6459,5.08849557522124,2.57005728440935,0.00374732923022995,0.327475730761931,1.9799152361659,"O14786;O43300;O94989;P06730;P08648;P10644;P11142;P20020;P26006;P35080;P52799;P53708;P61764;P62136;P62330;P63104;Q01082;Q14118;Q14444;Q16288;Q969L2;Q96FJ2;Q9H115;Q8TBF8"
"up_AS_only_vs_FSGS","GO_CC","0005912","adherens junction ",16,452,90,6459,3.31858407079646,1.3934045517882,0.00377131359802607,0.327475730761931,2.38163716814159,"O14495;P07355;P15692;P33151;P35221;P35241;P35579;P46531;P52799;P62136;P78344;Q07157;Q14118;Q8N3R9;Q96AP7;Q9Y490"
"up_AS_only_vs_FSGS","GO_CC","0005769","early endosome ",21,452,140,6459,4.42477876106195,2.16751819167054,0.00480204929074899,0.357409668640032,2.04140328697851,"O14786;O15455;O60493;O75923;O94832;P07355;P11717;P23610;P35968;P56377;Q02750;Q13636;Q16620;Q5R372;Q5SW96;Q6ZNL6;Q8IWB7;Q92870;Q9NWW5;Q9NZN3;A6NGB9"
"up_AS_FSGS","GO_CC","0015629","actin cytoskeleton ",7,97,115,6459,6.18556701030928,1.78046137172937,0.00836922770373487,0.690461285558127,3.47413715822501,"O94768;P12830;P17948;Q05682;Q12965;Q8WX93;Q9UM47"
"up_AS_only_vs_FSGS","GO_CC","0001726","ruffle ",11,452,56,6459,2.21238938053097,0.867007276668215,0.00934161100580298,0.590912245315675,2.55175410872314,"O43312;P05556;P08648;P35579;P62330;Q14155;Q4VCS5;Q6ZNL6;Q86YL7;Q8WWN8;Q9Y490"
"up_FSGS_only_vs_AS","GO_CC","0005886","plasma membrane ",105,356,1509,6459,29.2134831460674,23.3627496516489,0.010032988626127,0.943100930855936,1.2504300042442,"O00264;O15056;O15121;O15258;O60296;O60494;O60716;O75083;O75116;O75144;O75369;O75509;O75915;O94768;O95954;P01833;P04216;P06396;P09619;P10114;P11279;P12235;P12830;P13164;P15144;P16066;P16157;P16234;P17181;P17948;P18206;P19174;P19438;P20138;P20309;P21333;P21860;P30419;P32248;P36382;P36941;P48551;P51153;P51693;P52597;P55196;P55287;P57739;P61020;P78504;P98164;Q01628;Q02952;Q04941;Q05682;Q08174;Q13324;Q13368;Q13492;Q13618;Q14511;Q14699;Q14916;Q5T4S7;Q68DV7;Q6NZI2;Q6P1N0;Q70E73;Q7KZI7;Q86UU1;Q86VZ4;Q86WV6;Q8IZJ1;Q8N3E9;Q8NBJ9;Q8NG11;Q8TCT9;Q8WX93;Q8WXG6;Q96S97;Q96TA1;Q99735;Q9BTV4;Q9BVK8;Q9BXB1;Q9GZM5;Q9GZV5;Q9H4G0;Q9HBJ8;Q9HBX9;Q9HCG7;Q9NT99;Q9P241;Q9UHB6;Q9UI12;Q9UKJ5;Q9UM47;Q9UN37;Q9UP38;Q9UPI3;Q9Y653;Q9Y6K5;Q86WK9;Q99805;Q9H4A4"
"up_AS_only_vs_FSGS","GO_CC","0030054","cell junction ",13,452,73,6459,2.65486725663717,1.13020591422821,0.01143313472847,0.590912245315675,2.34901200145472,"O43707;P33151;P35221;P35968;P46937;Q01082;Q07157;Q13813;Q4VCS5;Q76N32;Q86YL7;Q8IWB7;Q9P2N2"
"up_AS_only_vs_FSGS","GO_CC","0017053","transcription repressor complex ",8,452,32,6459,1.54867256637168,0.495432729524694,0.0114607508243737,0.590912245315675,3.12589878318584,"P12755;P45973;Q02447;Q13227;Q53H80;Q92802;Q99626;Q9BZK7"
"up_AS_only_vs_FSGS","GO_CC","0043204","perikaryon ",9,452,41,6459,1.76991150442478,0.634773184703515,0.0124760742772983,0.590912245315675,2.78825814806821,"O43236;O94832;O94850;P19021;P53708;P56199;P62136;Q8N3R9;Q09019"
"up_FSGS_only_vs_AS","GO_CC","0043235","receptor complex ",10,356,70,6459,2.52808988764045,1.08375909583527,0.0200357894303091,1,2.33270465489567,"O60494;P01833;P09619;P16066;P16234;P17948;P19438;P21860;P98164;Q9UM47"
"up_AS_only_vs_FSGS","GO_CC","0008305","integrin complex ",5,452,13,6459,0.884955752212389,0.201269546369407,0.0209900056352753,0.841214841229111,4.39686861810756,"P05556;P08648;P26006;P53708;P56199"
"down_FSGS_only_vs_AS","GO_CC","0005665","RNA polymerase II, core complex ",4,336,10,6459,0.892857142857143,0.154822727976467,0.0230268327875124,1,5.76696428571428,"P0CAP2;P36954;P62875;Q9GZM3"
"up_FSGS_only_vs_AS","GO_CC","0015629","actin cytoskeleton ",14,356,115,6459,3.65168539325843,1.78046137172937,0.0231556401221412,1,2.0509770395701,"O14745;O75369;O94768;P06396;P12830;P17948;P21333;Q05682;Q12965;Q8WX93;Q9H792;Q9UHB6;Q9ULJ8;Q9UM47"
"up_AS_only_vs_FSGS","GO_CC","0042383","sarcolemma ",8,452,38,6459,1.54867256637168,0.588326366310574,0.0242520021157667,0.902520935879605,2.63233581741966,"O43556;O75923;P05556;P07355;P35613;Q09666;Q13884;Q14118"
"up_AS_FSGS","GO_CC","0005886","plasma membrane ",33,97,1509,6459,32.9896907216495,23.3627496516489,0.0286004602580902,1,1.41206370027259,"O00264;O60716;O75368;O75509;O94768;P04216;P09619;P10114;P11279;P12830;P13164;P17181;P17948;P20309;P36382;P36941;P51153;Q01628;Q04941;Q05682;Q08174;Q70E73;Q8IZJ1;Q8WX93;Q96DZ5;Q96TA1;Q9GZV5;Q9HBX9;Q9P241;Q9UM47;Q9UP38;Q9Y6K5;Q99805"
"up_AS_only_vs_FSGS","GO_CC","0045121","membrane raft ",16,452,116,6459,3.31858407079646,1.79594364452702,0.0291555611502848,0.999624650026491,1.84782194079951,"O00159;O14495;P05556;P20020;P35613;P35968;P37173;P40189;P50454;P56199;Q06495;Q12860;Q86YL7;Q8IWU6;Q969L2;Q9NWW5"
"up_AS_only_vs_FSGS","GO_CC","0031982","vesicle ",13,452,84,6459,2.65486725663717,1.30051091500232,0.0324447568849961,0.999624650026491,2.04140328697851,"O00159;O00299;O94832;P07355;P0DML3;P0DP23;P0DP24;P33176;P60033;P62979;P63104;Q06495;Q09666"
"up_AS_FSGS","GO_CC","0005856","cytoskeleton ",7,97,162,6459,6.18556701030928,2.50812819321876,0.0360715766357418,1,2.46620847651776,"Q05682;Q12965;Q70E73;Q93008;Q9HBL0;Q9P0K7;Q99805"
"down_AS_FSGS","GO_CC","0031234","extrinsic component of cytoplasmic side of plasma membrane ",7,809,18,6459,0.741656365883807,0.278680910357641,0.0417479121174937,0.795362204923888,2.66131025957973,"O43734;P01116;P06703;Q13882;Q96CP6;Q9H4M7;Q9UJM3"
"up_AS_only_vs_FSGS","GO_CC","0009897","external side of plasma membrane ",15,452,113,6459,3.09734513274336,1.74949682613408,0.0438674282470618,1,1.77042054976897,"P05556;P07204;P08648;P26006;P33151;P35968;P37173;P40189;P53708;P56199;Q14118;Q14627;Q4VCS5;Q9BZM6;Q9ULI3"
"up_AS_only_vs_FSGS","GO_CC","0000785","chromatin ",37,452,365,6459,7.9646017699115,5.65102957114104,0.0460407764293697,1,1.40940720087283,"O14682;O43541;O43623;O43680;O75444;O75461;O94842;O95931;P04150;P08235;P17544;P19793;P26583;P35713;P55209;Q02078;Q02447;Q10586;Q15723;Q16236;Q16254;Q49A26;Q53H80;Q6KC79;Q6NT76;Q86UZ6;Q8NHW3;Q8TAQ2;Q96BF6;Q96RK0;Q99626;Q9BQE9;Q9BZ95;Q9NP71;Q9NY27;Q9P1Z2;Q6ZN79"
"up_AS_FSGS","GO_CC","0005912","adherens junction ",5,97,90,6459,4.12371134020619,1.3934045517882,0.0484418757148969,1,2.95945017182131,"O60716;P12830;Q12965;Q96TA1;Q9NYL9"
"down_AS_FSGS","GO_MF","0000978","RNA polymerase II cis-regulatory region sequence-specific DNA binding ",93,809,378,6459,11.372064276885,5.85229911751045,1.79911452810379e-08,1.50405974549477e-05,1.94317891969314,"O15156;O43186;O43474;O60304;O60481;O75362;O95936;P01100;P05412;P10074;P15336;P17676;P19419;P22736;P23511;P23759;P28347;P28698;P31314;P42229;P48378;P48431;P48552;P49591;P52744;P54727;P56177;P56693;P78411;Q00978;Q01892;Q02577;Q03923;Q04741;Q05516;Q06945;Q13133;Q14938;Q15306;Q8NA42;Q8NDQ6;Q92766;Q96KN3;Q96SQ5;Q99612;Q99687;Q99697;Q9C0K0;Q9NZI6;Q9Y2N7;Q9Y4A8;O14753;O15370;O43345;O75346;P17019;P17035;P17038;P35789;Q0D2J5;Q3ZCX4;Q6ECI4;Q6ZN55;Q7Z340;Q86Y25;Q8N184;A6NJL1;B4DU55;O75373;P0CG40;P10075;Q03938;Q0VGE8;Q14586;Q5JVG8;Q5VIY5;Q68DI1;Q6IQ21;Q6ZN06;Q6ZNG1;Q86XN6;Q8IYB9;Q8N141;Q8N823;Q8TF32;Q8TF45;Q9H8G1;Q9HCZ1;Q9P255;B7Z6K7;P0CJ79;P0DPD5;Q96IR2"
"down_AS_FSGS","GO_MF","0000981","DNA-binding transcription factor activity, RNA polymerase II-specific ",64,809,301,6459,7.78739184177998,4.66016411209166,0.000206359061640382,0.0431290438828397,1.67105527927099,"O15156;O43186;O43474;O60304;O60481;O75362;O95936;P01100;P05412;P15336;P17481;P17676;P19419;P22736;P23511;P23759;P28347;P28698;P31314;P41162;P42229;P48378;P48431;P50219;P52744;P56177;P56693;P78411;Q00978;Q01892;Q02577;Q03923;Q04741;Q06945;Q13133;Q14938;Q15306;Q96I27;Q96KN3;Q99612;Q99687;Q99697;Q9H4I2;Q9NZI6;Q9Y2N7;Q9Y4A8;O14753;O15370;O75346;P17019;Q7L3S4;Q9NP08;A6NJL1;A6NLW8;O75373;P0C6A0;P0CG40;P10075;Q03938;Q5JVG8;Q8TF32;Q9H8G1;Q9P255;P0DPD5"
"down_AS_only_vs_FSGS","GO_MF","0048019","receptor antagonist activity ",4,82,10,6459,3.65853658536585,0.154822727976467,0.000480549364757758,0.0869794350211542,23.630487804878,"P0CJ70;P0CJ71;P0CJ73;P0CJ77"
"down_AS_FSGS","GO_MF","1990837","sequence-specific double-stranded DNA binding ",41,809,182,6459,4.94437577255871,2.8177736491717,0.00148460182796053,0.248225425635001,1.75471006126136,"O15156;O43186;O43474;O60481;O95936;P01100;P05412;P15336;P17481;P17676;P19419;P22736;P23759;P28347;P41162;P48378;P50219;P56177;P56693;P78411;Q00978;Q01892;Q02577;Q04741;Q06945;Q14938;Q15306;Q96KN3;Q99612;Q99687;Q99697;Q9C0K0;Q9NZI6;O14753;O15370;Q7L3S4;Q8N8Y5;Q9NP08;A6NLW8;P0CG40;Q5T5D7"
"down_AS_FSGS","GO_MF","0005179","hormone activity ",10,809,19,6459,1.11248454882571,0.294163183155287,0.00228070451438212,0.317778162337242,3.78186194782382,"O76061;P01019;P03971;P05019;P09529;P09683;Q641Q3;Q6NT52;Q6UWT2;Q9UJH8"
"up_AS_only_vs_FSGS","GO_MF","0001227","DNA-binding transcription repressor activity, RNA polymerase II-specific ",18,452,106,6459,3.76106194690266,1.64112091655055,0.00252613460680498,1,2.291764067457,"O43623;O43680;O75461;O95365;P04150;P12755;P12757;P17036;P17544;P25490;Q02447;Q86UZ6;Q96BF6;Q96QR8;Q99626;Q9NP71;Q9UQR1;Q6ZN79"
"down_AS_FSGS","GO_MF","0001228","DNA-binding transcription activator activity, RNA polymerase II-specific ",36,809,159,6459,4.32632880098888,2.46168137482582,0.00335460409172674,0.400635574383365,1.7574690393451,"O15156;O43186;O43474;O60481;P01100;P05412;P15336;P17676;P19419;P22736;P28698;P31314;P48378;P48431;P56693;Q01892;Q02577;Q05516;Q06945;Q13133;Q15306;Q92766;Q99612;Q99687;Q9C0K0;Q9NZI6;O15370;O43345;O43812;P17038;Q6ZN55;Q14586;Q6IQ21;Q6ZNG1;B7Z6K7;Q96IR2"
"up_AS_only_vs_FSGS","GO_MF","0005178","integrin binding ",14,452,76,6459,2.87610619469027,1.17665273262115,0.00698114353443509,1,2.44431183046111,"O14495;O43707;O95388;P05556;P08648;P26006;P35579;P35968;P48509;P53708;P55268;P56199;P60033;Q9Y490"
"up_AS_only_vs_FSGS","GO_MF","0003723","RNA binding ",74,452,770,6459,16.1504424778761,11.921350054188,0.00877880285789536,1,1.35474945408574,"O00571;O43707;O75152;O75569;O95628;P04080;P04150;P06730;P07355;P08238;P11142;P14625;P19544;P25490;P26583;P35221;P35241;P35579;P36578;P38646;P39687;P41567;P42704;P43243;P48634;P50454;P50579;P55084;P55209;P61313;P61764;P62701;P62847;P62979;P63104;P63173;P68036;P78344;P84077;Q00610;Q01082;Q01804;Q07352;Q09666;Q14444;Q14697;Q15366;Q53EP0;Q5T200;Q5VZF2;Q7L1Q6;Q7L4I2;Q8IX01;Q96PU8;Q96QD9;Q96QR8;Q9BRZ2;Q9BZZ5;Q9C0C9;Q9H2Y7;Q9NPE2;Q9NPE3;Q9NY61;Q9NYF8;Q9P2E3;Q9UPQ9;Q9Y2K5;Q9Y388;Q9Y3A5;O00178;Q8IY67;Q9P0M9;Q15434;Q8IZQ5"
"down_AS_FSGS","GO_MF","0005125","cytokine activity ",13,809,39,6459,1.48331273176761,0.603808639108221,0.0106324875802414,0.740729968090151,2.4565940857659,"P05013;P09529;P56706;Q13007;Q14213;Q8NEV9;Q8WWZ1;Q92520;Q9BXJ3;Q9GZT5;Q9UBH0;P05015;Q96QR1"
"up_AS_only_vs_FSGS","GO_MF","0005509","calcium ion binding ",27,452,220,6459,5.75221238938053,3.40610001548227,0.0117358015699979,1,1.68879726468222,"O00423;O43707;O75923;O95302;P07204;P07355;P09486;P0DP23;P0DP24;P14625;P15056;P19021;P24844;P33151;P46531;Q08629;Q13813;Q14118;Q5IJ48;Q8IV61;Q8IWU6;Q92563;Q9BQI0;Q9BZQ6;Q9NZN3;Q9P246;Q9ULI3"
"down_AS_FSGS","GO_MF","0004930","G protein-coupled receptor activity ",20,809,77,6459,2.34857849196539,1.1921350054188,0.0123648403397208,0.743080991963435,1.97006084150707,"O95977;P04001;P61073;Q7RTX0;Q7Z602;Q8TDT2;Q9HBW0;Q9HCU4;Q9NS66;A6NHA9;Q6IFN5;Q86SM8;Q8IXE1;Q8NGB6;Q8NGC4;Q8NGE9;Q8NGH8;Q8NGL2;Q8NGN4;Q9UGF6"
"down_AS_FSGS","GO_MF","0046872","metal ion binding ",131,809,842,6459,16.0692212608158,13.0360736956185,0.0133327929180042,0.743080991963435,1.23267339814263,"B2RXH2;O00746;O15156;O43286;O60304;O60481;O75362;O95396;O95630;P0DPH7;P0DPH8;P10074;P12268;P13498;P13637;P14324;P15336;P20702;P21917;P22735;P26651;P28340;P28698;P30679;P35227;P35520;P35637;P38936;P41240;P46100;P49821;P51955;P52744;P53582;P62140;P78563;P80297;Q03923;Q05516;Q08493;Q08499;Q09013;Q13444;Q13946;Q14644;Q16342;Q3ZCM7;Q495C1;Q5VST9;Q6IE81;Q86SK9;Q86XN8;Q8IYY4;Q8NA42;Q8NDQ6;Q8NES3;Q8TB92;Q8TCT1;Q8TDI0;Q8WWF5;Q92766;Q96BR6;Q96D59;Q96F45;Q96HC4;Q96I27;Q96Q40;Q96SQ5;Q96T23;Q99612;Q99640;Q9BVA1;Q9BVS4;Q9BWX1;Q9BY66;Q9C0K0;Q9H4I2;Q9NQA5;Q9NZ20;Q9P0P0;Q9UNE2;O14753;O75346;P17019;P17035;P17038;Q0D2J5;Q3ZCX4;Q6ECI4;Q6ZN55;Q7L3S4;Q7Z340;Q86Y25;Q8N184;Q8N8Y5;Q92610;Q96EY9;Q96SL8;Q9UKJ3;A6NJL1;B4DU55;O75373;P0CG40;P10075;Q0VGE8;Q14586;Q5JVG8;Q5T5D7;Q5VIY5;Q5VTM2;Q68DI1;Q6IQ21;Q6ZN06;Q6ZNG1;Q86XN6;Q8IYB9;Q8N141;Q8N823;Q8TF32;Q8TF45;Q96QA6;Q9H8G1;Q9HCZ1;Q9P255;A0A0J9YWL9;B7Z6K7;E7ETH6;M0QZC1;P0CJ79;P0DPD5;Q96IR2"
"up_AS_only_vs_FSGS","GO_MF","0019904","protein domain specific binding ",16,452,108,6459,3.31858407079646,1.67208546214584,0.0151090065556924,1,1.98469764011799,"O94832;O94856;P10644;P12755;P12757;P26006;P26583;P35579;P61764;P63104;P84077;Q16236;Q16254;Q76N32;Q8N3R9;Q9P2W9"
"up_AS_only_vs_FSGS","GO_MF","0000977","RNA polymerase II transcription regulatory region sequence-specific DNA binding ",13,452,80,6459,2.65486725663717,1.23858182381174,0.0170129688968611,1,2.14347345132743,"O43623;O43680;O43707;P04150;P19793;Q02078;Q02447;Q10586;Q68DE3;Q96QR8;Q96RK0;Q99626;Q6AHZ1"
"down_FSGS_only_vs_AS","GO_MF","0031491","nucleosome binding ",5,336,17,6459,1.19047619047619,0.263198637559994,0.017395486240306,1,4.52310924369748,"O43257;P78317;Q08945;Q49A26;Q99733"
"up_AS_only_vs_FSGS","GO_MF","0003779","actin binding ",17,452,119,6459,3.53982300884956,1.84239046291996,0.0193669815961525,1,1.92132074068565,"O14682;O43312;O43707;P05556;P35080;P35241;P35579;P35580;Q01082;Q13813;Q13884;Q14118;Q27J81;Q7L5Y9;Q9BQE9;Q9UPQ0;A6NGB9"
"up_AS_only_vs_FSGS","GO_MF","0001968","fibronectin binding ",5,452,14,6459,0.884955752212389,0.216751819167054,0.0256427546738937,1,4.08280657395702,"P05556;P15692;P24593;P26006;Q53GQ0"
"down_AS_FSGS","GO_MF","0004984","olfactory receptor activity ",10,809,30,6459,1.11248454882571,0.464468183929401,0.0336360071898953,1,2.39517923362175,"A6NHA9;Q6IFN5;Q8IXE1;Q8NGB6;Q8NGC4;Q8NGE9;Q8NGH8;Q8NGL2;Q8NGN4;Q9UGF6"
"down_AS_FSGS","GO_MF","0003700","DNA-binding transcription factor activity ",32,809,163,6459,3.831891223733,2.52361046601641,0.0354065786111715,1,1.5184162830731,"O43186;O43474;O60481;O75362;P01100;P05412;P10074;P15336;P17676;P19419;P23511;P23759;P28347;P28698;P42229;P48378;P48431;P56693;Q00978;Q06945;Q14938;Q15306;Q8NA42;Q99697;Q9C0K0;Q9H4I2;Q9Y4A8;P35789;Q0D2J5;Q8N184;Q9Y6Q3;Q03938"
"up_FSGS_only_vs_AS","GO_MF","0030020","extracellular matrix structural constituent conferring tensile strength ",4,356,12,6459,0.842696629213483,0.18578727357176,0.0392126081169217,1,4.53581460674157,"P02461;P39059;Q02388;Q99715"
"up_AS_only_vs_FSGS","GO_MF","0140297","DNA-binding transcription factor binding ",13,452,91,6459,2.65486725663717,1.40888682458585,0.0413334140984729,1,1.88437226490324,"O95365;P06730;P12755;P25490;P25791;P26583;P45973;P46937;P63104;Q02078;Q7LFL8;Q96QR8;Q9NP71"
"up_FSGS_only_vs_AS","GO_MF","0005201","extracellular matrix structural constituent ",6,356,33,6459,1.40449438202247,0.510915002322341,0.0443251912532841,1,2.74897854954035,"P02461;P07996;P27658;P39059;Q02388;Q9GZM7"
"up_FSGS_only_vs_AS","GO_MF","0048407","platelet-derived growth factor binding ",3,356,5,6459,0.561797752808989,0.0774113639882335,0.0470798116234251,1,7.25730337078652,"P02461;P09619;P16234"
"up_FSGS_only_vs_AS","GO_MF","0016918","retinal binding ",3,356,5,6459,0.561797752808989,0.0774113639882335,0.0470798116234251,1,7.25730337078652,"P02753;P29373;P82980"
"up_FSGS_only_vs_AS","GO_MF","0019841","retinol binding ",3,356,5,6459,0.561797752808989,0.0774113639882335,0.0470798116234251,1,7.25730337078652,"P02753;P29373;P82980"
"up_FSGS_only_vs_AS","GO_MF","0004383","guanylate cyclase activity ",3,356,5,6459,0.561797752808989,0.0774113639882335,0.0470798116234251,1,7.25730337078652,"P16066;P33402;Q02108"
"down_AS_FSGS","GO_MF","0008083","growth factor activity ",12,809,44,6459,1.35970333745365,0.681220003096454,0.0475809082804626,1,1.9959826946848,"O60258;O94907;P01019;P03971;P04155;P05019;P09529;P35070;Q16674;Q99075;O60234;Q92914"
"down_AS_FSGS","KEGG_pathway","hsa05168","Herpes simplex virus 1 infection - Homo sapiens (human)",48,809,172,6459,5.80964153275649,2.66295092119523,5.05243182751756e-06,0.00158646359384051,2.18165550349268,"O75373;Q14586;Q00978;Q0VGE8;Q6ZN06;Q5T5D7;Q8TF45;Q8IYB9;Q6ZNG1;Q8N184;Q8NA42;Q8NDQ6;Q8TF32;Q68DI1;Q0D2J5;Q8N141;Q86Y25;P05013;P05015;B4DU55;Q3ZCX4;P0CJ79;Q86XN6;Q6ECI4;Q5JVG8;P25963;P62140;Q9HCZ1;O75346;Q9P255;B7Z6K7;Q9Y6Q3;P17019;P17035;P17038;Q03923;Q03938;O43345;Q96BR6;Q9H8G1;Q8N823;P35789;Q96SQ5;Q13242;Q92956;Q7Z340;Q5VIY5;Q96IR2"
"up_AS_only_vs_FSGS","KEGG_pathway","hsa05412","Arrhythmogenic right ventricular cardiomyopathy - Homo sapiens (human)",8,452,30,6459,1.54867256637168,0.464468183929401,0.00857503920755208,1,3.33429203539823,"P35221;Q14118;P56199;P26006;P08648;P05556;Q9HCS4;P53708"
"up_AS_only_vs_FSGS","KEGG_pathway","hsa04520","Adherens junction - Homo sapiens (human)",11,452,60,6459,2.21238938053097,0.928936367858802,0.0139582629497885,1,2.38163716814159,"P33151;P24844;P35221;Q9ULI3;P23467;O43623;P37173;Q07157;P07947;O43707;Q9HCS4"
"down_AS_FSGS","KEGG_pathway","hsa04080","Neuroactive ligand-receptor interaction - Homo sapiens (human)",16,809,58,6459,1.85414091470952,0.897971822263508,0.0140219851898414,1,2.06480968415669,"O15173;P34998;P08588;P21917;P24530;Q8NG41;Q12879;P28223;P01178;P47901;P09683;P32241;O60755;O15130;O95977;O43603"
"up_AS_FSGS","KEGG_pathway","hsa00310","Lysine degradation - Homo sapiens (human)",4,97,34,6459,3.09278350515464,0.526397275119988,0.0164772596065446,1,5.87537901758642,"Q03112;Q02809;Q13029;O14686"
"up_AS_only_vs_FSGS","KEGG_pathway","hsa04510","Focal adhesion - Homo sapiens (human)",17,452,116,6459,3.53982300884956,1.79594364452702,0.0179877124243338,1,1.97101007018615,"P24844;Q9NRY4;P56199;P26006;P08648;P05556;P35968;P55268;P11047;O15530;P62136;Q02750;P15056;Q9Y490;P15692;O43707;P53708"
"down_AS_FSGS","KEGG_pathway","hsa04060","Cytokine-cytokine receptor interaction - Homo sapiens (human)",17,809,67,6459,1.97775030902349,1.03731227744233,0.0214675099077289,1,1.9066103352213,"Q14213;Q13007;Q8NEV9;Q9UBH0;P03971;P05013;P05015;P09529;P02776;P10720;P78423;P61073;Q8WWZ1;Q92956;O95407;O14798;P26842"
"down_AS_only_vs_FSGS","KEGG_pathway","hsa05168","Herpes simplex virus 1 infection - Homo sapiens (human)",7,82,172,6459,7.31707317073171,2.66295092119523,0.0226467539438253,1,2.7477311401021,"Q8TAU3;Q6ZMW2;Q9GZX5;P17032;P52738;P27797;Q96H86"
"up_AS_only_vs_FSGS","KEGG_pathway","hsa04512","ECM-receptor interaction - Homo sapiens (human)",8,452,38,6459,1.54867256637168,0.588326366310574,0.0242520021157667,1,2.63233581741966,"Q14118;P56199;P26006;P08648;P05556;P55268;P11047;P53708"
"up_AS_only_vs_FSGS","KEGG_pathway","hsa04151","PI3K-Akt signaling pathway - Homo sapiens (human)",20,452,154,6459,4.20353982300885,2.38427001083759,0.026451623994797,1,1.76303011148144,"P0DML3;P06730;P61952;P08238;P35568;P56199;P26006;P08648;P05556;P35968;P55268;P11047;Q16620;O15530;Q02750;P19793;P14625;P15692;P63104;P53708"
"down_FSGS_only_vs_AS","KEGG_pathway","hsa03020","RNA polymerase - Homo sapiens (human)",4,336,11,6459,0.892857142857143,0.170305000774114,0.0282672111559231,1,5.2426948051948,"Q9GZM3;P36954;P62875;P0CAP2"
"up_AS_FSGS","KEGG_pathway","hsa04390","Hippo signaling pathway - Homo sapiens (human)",5,97,78,6459,4.12371134020619,1.20761727821644,0.0316692243616337,1,3.41475019825535,"Q9GZV5;P24385;P61981;Q9UP38;P12830"
"up_AS_only_vs_FSGS","KEGG_pathway","hsa04810","Regulation of actin cytoskeleton - Homo sapiens (human)",16,452,119,6459,3.31858407079646,1.84239046291996,0.0323610665725299,1,1.8012381943928,"P24844;Q9NRY4;P56199;P26006;P08648;P05556;P35579;P35580;P35080;P62136;Q02750;P35241;P15056;O43707;P53708;Q14155"
"up_AS_only_vs_FSGS","KEGG_pathway","hsa05034","Alcoholism - Homo sapiens (human)",10,452,61,6459,1.99115044247788,0.944418640656448,0.0445559878295468,1,2.10833454228928,"P61952;Q5QNW6;Q16620;P62136;Q02750;P15056;P0DP23;P0DP24;Q16777;Q71UI9"
"down_AS_FSGS","REACTOME_pathway","R-HSA-212436","Generic Transcription Pathway",34,809,108,6459,4.20271940667491,1.67208546214584,8.92856852306578e-06,0.00850892580248169,2.51345968960308,"Q86XN6;Q8NDQ6;O75346;Q8IYB9;O60304;P17019;O75373;O43345;Q96BR6;Q8TF45;Q9P255;Q96I27;Q86Y25;Q6IQ21;Q6ZNG1;Q9Y6Q3;P17038;Q9HCZ1;Q8TF32;P17035;Q8N184;Q9H8G1;Q14586;P52744;Q5JVG8;Q8N823;Q5VIY5;Q7L3S4;Q96SQ5;Q7Z340;Q6ECI4;Q68DI1;Q5T5D7;Q3ZCX4;Q8NA42"
"down_AS_FSGS","REACTOME_pathway","R-HSA-418594","G alpha (i) signalling events",16,809,50,6459,1.97775030902349,0.774113639882335,0.00216349174508082,1,2.55485784919654,"P63218;P04001;O43603;O95977;Q9HBW0;Q7RTX0;O60755;O43665;P02776;Q9NS28;P61073;P63215;P78423;P01019;P21917;Q8NE09;Q8NG41"
"down_AS_only_vs_FSGS","REACTOME_pathway","R-HSA-212436","Generic Transcription Pathway",5,82,108,6459,6.09756097560976,1.67208546214584,0.0128147072341214,1,3.64668021680217,"P52738;P17032;Q9GZX5;Q6ZMW2;Q96H86;Q8TAU3"
"up_AS_FSGS","REACTOME_pathway","R-HSA-909733","Interferon alpha/beta signaling",3,97,34,6459,3.09278350515464,0.526397275119988,0.0164772596065446,1,5.87537901758642,"Q9Y6K5;P13164;P17181;Q01628"
"up_AS_only_vs_FSGS","REACTOME_pathway","R-HSA-447041","CHL1 interactions",3,452,6,6459,0.663716814159292,0.0928936367858802,0.0168699498158739,1,7.14491150442478,"P11142;P05556;O14786;P56199"
"up_AS_only_vs_FSGS","REACTOME_pathway","R-HSA-9662360","Sensory processing of sound by inner hair cells of the cochlea",5,452,20,6459,1.10619469026549,0.309645455952934,0.0200805261655841,1,3.57245575221239,"P35241;O00159;Q13813;P35579;P20020;Q01082"
"up_FSGS_only_vs_AS","REACTOME_pathway","R-HSA-186797","Signaling by PDGF",4,356,17,6459,1.12359550561798,0.263198637559994,0.0208815709599728,1,4.2690019828156,"P07996;P09619;P16234;Q05209;P02461"
"up_FSGS_only_vs_AS","REACTOME_pathway","R-HSA-8948216","Collagen chain trimerization",4,356,17,6459,1.12359550561798,0.263198637559994,0.0208815709599728,1,4.2690019828156,"P02461;Q99715;P39059;Q02388;P27658"
"down_AS_FSGS","REACTOME_pathway","R-HSA-416476","G alpha (q) signalling events",11,809,39,6459,1.35970333745365,0.603808639108221,0.0210053837089063,1,2.25187791195208,"Q9NS28;P28223;P63215;P30679;P47901;P41220;P24530;P63218;P01178;P01019;O15130;Q9HBW0"
"up_FSGS_only_vs_AS","REACTOME_pathway","R-HSA-1650814","Collagen biosynthesis and modifying enzymes",5,356,27,6459,1.40449438202247,0.418021365536461,0.022837743339147,1,3.35986267166042,"Q02809;Q99715;Q02388;P27658;P39059;P02461"
"down_AS_FSGS","REACTOME_pathway","R-HSA-5661231","Metallothioneins bind metals",4,809,7,6459,0.494437577255871,0.108375909583527,0.0256371413154364,1,4.56224615927953,"P04732;P04731;P80297;P02795;Q8N339"
"up_AS_FSGS","REACTOME_pathway","R-HSA-186797","Signaling by PDGF",2,97,17,6459,2.06185567010309,0.263198637559994,0.0308363369460115,1,7.83383869011522,"P09619;Q05209;P02461"
"up_AS_only_vs_FSGS","REACTOME_pathway","R-HSA-9662361","Sensory processing of sound by outer hair cells of the cochlea",4,452,15,6459,0.884955752212389,0.2322340919647,0.0308669267602701,1,3.81061946902655,"P35241;Q13813;P35579;O00159;Q01082"
"up_FSGS_only_vs_AS","REACTOME_pathway","R-HSA-2022090","Assembly of collagen fibrils and other multimeric structures",4,356,20,6459,1.12359550561798,0.309645455952934,0.032843570959151,1,3.62865168539326,"Q02388;P02461;P39059;Q99715;P27658"
"down_AS_FSGS","REACTOME_pathway","R-HSA-5576886","Phase 4 - resting membrane potential",4,809,8,6459,0.494437577255871,0.123858182381174,0.0351778724078786,1,3.99196538936959,"O00180;Q9Y2U2;Q14500;Q9NYG8;Q9NPC2"
"down_AS_FSGS","REACTOME_pathway","R-HSA-9752946","Expression and translocation of olfactory receptors",9,809,33,6459,1.11248454882571,0.510915002322341,0.0436507006289603,1,2.17743566692887,"A6NHA9;Q8IXE1;Q9UGF6;Q8NGB6;Q8NGC4;Q8NGE9;Q8NGH8;Q6IFN5;Q8NGL2;Q8NGN4"
"down_FSGS_only_vs_AS","REACTOME_pathway","R-HSA-3371453","Regulation of HSF1-mediated heat shock response",5,336,35,6459,1.48809523809524,0.541879547917634,0.0439598860307607,1,2.74617346938775,"P0DMV8;P0DMV9;Q8N163;P37198;Q9UKX7;O75190"
"up_FSGS_only_vs_AS","REACTOME_pathway","R-HSA-1442490","Collagen degradation",4,356,23,6459,1.12359550561798,0.356092274345874,0.0480918681767739,1,3.15534929164631,"Q02388;P39059;P02461;Q99715;P27658"
